{"cameraMode":{"drawMode":0,"name":"Shaded","section":"Shading Mode"},"sceneLighting":true,"audioPlay":false,"sceneViewState":{"m_AlwaysRefresh":false,"showFog":true,"showSkybox":true,"showFlares":true,"showImageEffects":true,"showParticleSystems":true,"showVisualEffectGraphs":true,"m_FxEnabled":true},"in2DMode":false,"pivot":{"x":-1.0190002918243409,"y":-1.6230347156524659,"z":-7.644193172454834},"rotation":{"x":-0.0028240052051842214,"y":0.9968363642692566,"z":-0.0676986500620842,"w":-0.04159114137291908},"size":6.041233539581299,"orthographic":false}